GUID	TYPE	NAME	Phase	CCMD	Date_Time	Title	Description	EEI	NIPF	Classification	Releasability
0f17968a-9ccf-45a7-b083-1456d9d3fcd8	PIR	PIR11	0	CYBERCOM	2015-01-15T12:00:00Z	nibh laoreet cum euismod primis	Lorem vestibulum eu nunc ligula curabitur ac ornare tortor orci! Fames facilisis ante vulputate nunc porttitor dictumst non urna nostra. Gravida laoreet facilisis tincidunt eget sollicitudin risus. Diam etiam non fermentum eget odio vivamus viverra hac. Class luctus hac augue lobortis nisl auctor et purus lacinia vel penatibus sociosqu a mollis viverra magnis urna dis viverra aenean ornare natoque non praesent varius ullamcorper sed orci torquent quisque est dis et sodales senectus vestibulum vel sociis curabitur iaculis nam quis cras justo eros vestibulum accumsan inceptos enim platea scelerisque est auctor conubia congue dictum curabitur blandit leo.	pellentesque senectus libero vel nascetur cum ultricies nam primis fames	cursus potenti magnis curabitur	Sample U	// NOFORN
b0f5f0a6-85b5-4ec7-bebf-a1aaa87ea419	PIR	PIR12	0	SOCOM	2015-01-15T17:00:00Z	blandit mattis feugiat cursus fames	Amet imperdiet auctor turpis dapibus montes malesuada erat potenti. Aptent ligula vehicula class varius imperdiet aenean elementum porttitor accumsan himenaeos enim. Rhoncus neque himenaeos venenatis eleifend semper venenatis fames ultrices convallis viverra. Cursus ultrices non sem tincidunt sem curabitur tempus molestie class urna nisi non nulla odio massa eget imperdiet mi metus nibh eu nulla morbi scelerisque arcu potenti venenatis congue purus mauris dignissim rutrum enim sagittis facilisi magnis dapibus ligula gravida dignissim risus sociosqu potenti nam sodales orci eget venenatis magnis scelerisque quam interdum cras rhoncus malesuada suscipit vivamus vel.	lacinia odio mollis elementum eget at fringilla aptent proin magnis	neque auctor sed condimentum	Sample S	// REL FEYES
6935104f-6e1d-4e8f-afd7-da72df894c7c	PIR	PIR13	0	SOCOM	2015-01-15T22:00:00Z	curabitur felis consequat laoreet erat	Consectetur dui morbi natoque magnis mauris mi. Tempor suspendisse fames tellus habitasse tristique consequat nascetur dis! Primis pulvinar diam sodales justo primis gravida. Luctus diam tristique ante suspendisse felis aenean cras ultricies. Consequat dignissim rutrum massa vivamus proin nunc tellus natoque ridiculus in pulvinar dis odio sociosqu convallis feugiat bibendum himenaeos pretium vel non porta diam cursus tempus ultricies sociis sodales dis mus curabitur sem pellentesque pulvinar aenean iaculis lacus auctor netus odio cum euismod nisl euismod congue odio rutrum aliquet nunc dictum dapibus volutpat ad ligula scelerisque elementum natoque a blandit dictumst cum nibh senectus arcu bibendum porttitor justo sem dapibus!	lobortis iaculis luctus tempor cras cum congue dictumst ligula eget	primis habitasse vel habitasse	Sample TS	// REL ROK
c0aa926f-2ae9-40bd-ba74-54caebda955d	PIR	PIR14	0	EUCOM	2015-01-16T03:00:00Z	quis natoque cras porta penatibus	Sit curae malesuada natoque pulvinar semper curabitur eget. Interdum pharetra curabitur congue facilisis vulputate semper tortor molestie sagittis semper duis taciti rhoncus mattis! Aenean vivamus ornare ac proin nam placerat in ad curae himenaeos aliquam gravida ante morbi mus augue himenaeos fermentum mi vel fringilla curae fermentum semper luctus fames elementum montes ante nec pharetra justo sed risus rutrum hac.	in commodo potenti ante curabitur viverra malesuada elementum at ut	laoreet natoque tincidunt torquent	Sample TS	//
1def2f5b-a733-4b70-8cf6-3c76a3faaf02	PIR	PIR15	0	STRATCOM	2015-01-16T08:00:00Z	sociis fames lectus curabitur orci	Adipiscing odio quam pellentesque tempus condimentum netus mollis cras leo nostra cras faucibus. At malesuada mauris arcu platea quisque eleifend torquent accumsan libero mollis ullamcorper tincidunt lectus. Molestie nunc platea ultricies fringilla proin senectus eu congue cursus? Luctus nisi porttitor mattis laoreet dis auctor libero egestas facilisi blandit montes risus pellentesque justo dictumst in morbi pellentesque tristique per iaculis euismod magnis per dui felis in ridiculus a quis sed integer commodo lacinia eros nisi lacus est fames dui maecenas arcu et.	dictumst feugiat nunc enim penatibus porta convallis mauris nunc class	dictumst placerat cras fames	Sample S	// NOFORN
a830630e-deba-441b-966d-1462b5de72a6	PIR	PIR16	0	CENTCOM	2015-01-16T13:00:00Z	quisque magna nisi purus id	Ipsum non etiam habitasse pretium cursus natoque nisl habitant aliquet semper. Accumsan tempus fermentum rutrum viverra morbi maecenas. Cursus feugiat lobortis quam nullam est facilisi purus maecenas aliquet vivamus. Vel euismod posuere semper sodales ornare dictumst leo cras fringilla curae cras eget elementum cum est nunc eleifend euismod mi nam placerat parturient commodo proin tempor vivamus laoreet rutrum proin gravida natoque tellus justo dictum natoque ante hendrerit platea eleifend ridiculus mattis mauris condimentum ultrices congue consequat vulputate vel diam in!	vulputate velit nulla vulputate feugiat condimentum suscipit dapibus platea class	gravida cum aliquet tristique	Sample S	// REL NATO
d5b60a9d-f3dc-473a-aa76-be1a2eefd60f	PIR	PIR17	0	SOCOM	2015-01-16T18:00:00Z	diam ad arcu ac posuere	Amet varius pulvinar nostra cursus enim inceptos senectus. Dictum himenaeos venenatis sociis porttitor id dui elementum penatibus ad risus. Malesuada quis egestas tristique eu hac pellentesque fermentum non quam. Dignissim volutpat odio mollis mauris ultrices faucibus torquent. Taciti neque leo primis mollis himenaeos netus sed nisl aliquam molestie tempus. Libero imperdiet egestas mollis nisi ac integer torquent augue curae auctor ligula rhoncus nibh mus donec habitant ultrices duis porttitor ultrices orci etiam odio sapien dignissim cras ultrices auctor dis facilisi orci aliquam magnis gravida viverra class at non feugiat lacinia magna cursus tempor massa cubilia mi quisque cras vulputate curae volutpat nibh justo morbi erat sollicitudin himenaeos at eget sed magna natoque tempor arcu libero diam rhoncus.	penatibus magna vestibulum parturient molestie ante auctor a velit condimentum	nisl posuere porta urna	Sample TS	// NOFORN
ece4b3a5-deb3-45fa-8615-69926be3aaad	PIR	PIR18	0	STRATCOM	2015-01-16T23:00:00Z	mollis sodales et cras nisi	Elit per est nulla dictumst pulvinar per mus dapibus eleifend ligula. Himenaeos turpis vivamus purus cursus sapien metus orci penatibus sollicitudin sagittis. Scelerisque taciti in bibendum bibendum habitasse praesent tortor rutrum magnis ad. Erat taciti ornare nostra aliquam potenti suspendisse ornare integer. Facilisis sociis eros convallis fringilla nisi felis blandit accumsan fames tincidunt placerat habitasse cum cras etiam lobortis varius blandit pharetra sociis quis penatibus sem vivamus maecenas varius laoreet suscipit torquent nullam rhoncus condimentum hac tristique magna quam mattis felis convallis euismod etiam pretium pretium neque aptent risus dictumst orci sem per ligula platea curabitur viverra.	accumsan vulputate lacus facilisi nascetur velit hendrerit scelerisque per interdum	in tristique magnis fermentum	Sample TS	// REL NATO
6812d82c-5294-4544-b22f-4a3f88036db7	PIR	PIR19	0	EUCOM	2015-01-17T04:00:00Z	nec dictum venenatis magnis proin	Ipsum a parturient porta nisl aliquam pulvinar torquent per? Et blandit ligula vivamus morbi sem tellus magna tortor tellus odio. Tellus posuere placerat dis sollicitudin dis. Litora ultricies turpis nostra scelerisque ac odio facilisis blandit inceptos! Tortor non donec magnis magna parturient scelerisque ultricies sociis nibh per feugiat semper ultricies rhoncus nibh metus scelerisque justo sodales malesuada tempus commodo egestas himenaeos purus donec nulla litora pellentesque congue vehicula parturient nostra montes massa nibh enim facilisis congue massa cubilia dignissim sem pharetra tortor etiam cubilia taciti sagittis suspendisse nunc euismod nisl ac lectus sed facilisis ultricies urna nam molestie metus placerat taciti sed torquent facilisi fames curae tortor aenean fusce magna.	parturient nascetur natoque vivamus nunc blandit inceptos facilisi lacinia non	semper ligula pellentesque ad	Sample TS	// REL ROK
a7e99848-82e8-4466-9021-16fc18f3d414	PIR	PIR20	0	EUCOM	2015-01-17T09:00:00Z	varius aliquet massa natoque rhoncus	Sit condimentum quisque inceptos habitant. Pulvinar litora arcu primis dapibus nostra etiam leo condimentum sociis vel arcu. Dapibus accumsan primis donec conubia viverra inceptos neque arcu nec. Habitant in suscipit massa sociis arcu elementum egestas vitae molestie hendrerit per natoque primis a aliquet himenaeos aptent habitant habitasse mauris habitasse lectus inceptos nisi orci condimentum est commodo et felis dictumst dapibus rhoncus elementum cum suscipit auctor lacinia sodales malesuada mattis massa condimentum at magna commodo turpis blandit erat fermentum posuere tempus volutpat euismod ullamcorper urna nibh pellentesque arcu tristique tempor curae curae sed senectus!	pharetra sed magna parturient turpis iaculis semper risus a tempus	mollis sociosqu porta cras	Sample S	//
4874e77a-f6c1-4234-9bea-248d2e518927	PIR	PIR21	0	NORTHCOM	2015-01-17T14:00:00Z	libero euismod sed ultrices morbi	Sit aenean consequat duis lacus ligula pharetra maecenas varius vulputate facilisi. Pharetra class conubia laoreet mi sodales faucibus turpis inceptos integer! Conubia commodo proin condimentum torquent euismod. Sapien sagittis taciti felis erat nisl eleifend! Tempor urna sapien viverra pretium nulla ligula iaculis sem sociis massa augue. Platea class placerat ridiculus sed praesent volutpat est ultrices rutrum id sed nibh porta maecenas semper felis magna eu congue felis et nisl porttitor rhoncus mus luctus mollis cras tempor vehicula proin pulvinar quam facilisis laoreet porttitor facilisis nibh sed lobortis ornare bibendum torquent dis est imperdiet metus aliquam nullam commodo proin turpis accumsan torquent urna sociis arcu ultrices mollis in potenti enim vitae lacus dapibus consequat taciti vulputate posuere imperdiet id nec penatibus faucibus rutrum nostra tempor ultricies aenean eu malesuada nisi fusce potenti non ultrices venenatis augue arcu cubilia.	netus pellentesque laoreet ultrices diam magna a inceptos auctor nascetur	per aliquet at habitasse	Sample TS	// NOFORN
beffcdda-dfb7-48e0-84a0-5ffca9428534	PIR	PIR22	0	EUCOM	2015-01-17T19:00:00Z	eleifend taciti conubia pretium lacinia	Lorem risus cum netus fames facilisis in torquent auctor iaculis dictum donec mollis a. Phasellus malesuada a conubia curae aliquam auctor. Pulvinar habitasse nunc felis magnis quisque dignissim interdum semper pellentesque pellentesque cum pellentesque dapibus dis convallis metus rhoncus tellus conubia sapien vulputate himenaeos diam quis cum vehicula cursus nascetur consequat nec.	dis velit sociosqu integer tortor vehicula habitant suspendisse tempor varius	quisque accumsan fringilla ornare	Sample U	// REL NATO
ef7f466c-3268-436a-8a8f-7f28c296f4ec	PIR	PIR23	0	CENTCOM	2015-01-18T00:00:00Z	nullam scelerisque class dis aptent	Amet mauris tempor est nostra donec tellus. Sem magna a quam commodo mollis quis pellentesque condimentum? Ad curae lectus hac sapien et. Vehicula et urna venenatis luctus volutpat dignissim habitasse netus tempor ad. Lobortis faucibus euismod luctus scelerisque quam vivamus tortor curabitur sodales primis integer condimentum congue venenatis cubilia pulvinar gravida vivamus fermentum eu consequat quis urna ridiculus litora ligula posuere auctor porta tristique luctus lectus ultricies sociosqu porta consequat commodo in vestibulum ultricies ligula dis felis aliquet convallis semper est fusce est platea ac commodo enim maecenas ac posuere penatibus eleifend nulla platea quam pharetra justo tempor penatibus.	curabitur ante eros integer egestas vestibulum et quam risus interdum	parturient condimentum lacinia ac	Sample S	// REL NATO
b1067611-3649-451b-871a-54d22ab113ca	PIR	PIR24	0	CENTCOM	2015-01-18T05:00:00Z	proin class leo volutpat nisi	Ipsum litora magnis sociis hendrerit molestie viverra maecenas. Facilisis mauris dignissim condimentum imperdiet felis nam feugiat pellentesque sollicitudin diam bibendum. Morbi ultrices maecenas suscipit class cum phasellus in tristique nisi dictum! Malesuada iaculis fermentum quam lobortis sociosqu accumsan class torquent semper facilisi. Felis fermentum bibendum ut nec molestie tellus porttitor per aenean fringilla. Luctus ante sed mauris vitae mattis urna est volutpat porttitor. Tortor ultricies tellus potenti maecenas purus odio accumsan natoque commodo in metus ultricies luctus suspendisse venenatis penatibus quisque class class vivamus nam laoreet et sodales ligula hendrerit rutrum cras commodo mauris mus lectus sagittis arcu ultrices vehicula commodo sollicitudin phasellus sed ullamcorper in euismod ornare aliquet iaculis vulputate lobortis nullam dictum tempus nisl nostra mi enim neque metus potenti ridiculus eu neque quis pulvinar ad magnis commodo dapibus malesuada cursus phasellus magna mi aptent ac proin nostra pretium quam.	vel neque tellus at eros luctus montes ante blandit senectus	lectus mauris convallis molestie	Sample U	// REL FEYES
494abde6-df33-4459-9058-6f37ac6ebe7b	PIR	PIR25	0	INDOPACOM	2015-01-18T10:00:00Z	vulputate euismod natoque tortor sed	Ipsum vestibulum auctor mollis placerat leo natoque imperdiet iaculis primis eros maecenas. Imperdiet hendrerit etiam mauris non fringilla. Urna sociis viverra ullamcorper luctus lacinia risus viverra platea ornare. Aliquam odio orci sed fusce taciti tincidunt aenean magna per pretium malesuada sem in ut fermentum mattis cursus lectus ligula consequat nulla hendrerit imperdiet elementum nam scelerisque inceptos aliquet tristique tortor pellentesque odio diam nostra fermentum varius auctor suspendisse porta massa ad faucibus vehicula justo torquent facilisi aliquet?	potenti dictum nulla nam nulla laoreet hendrerit lectus diam lectus	bibendum in donec scelerisque	Sample S	// REL NATO
2d6487cd-01d4-4ac3-b62d-f0b22bb8b677	PIR	PIR26	0	INDOPACOM	2015-01-18T15:00:00Z	urna torquent cras platea felis	Amet eget convallis ligula vehicula duis sociosqu class suspendisse urna! Penatibus torquent ante venenatis facilisi est nec natoque eget nisi velit hendrerit. Venenatis phasellus pharetra nunc egestas diam odio leo? Etiam arcu senectus inceptos dictumst odio porta ac nibh nullam ligula sapien? Nascetur dictum accumsan commodo lectus vivamus scelerisque magna justo morbi velit ligula aptent. Litora dapibus mattis magnis dignissim nibh aliquet sociosqu rutrum sagittis rhoncus vel vel eros ullamcorper feugiat turpis montes fames praesent hac mollis est urna gravida maecenas phasellus hac nulla consequat eu phasellus posuere aliquet lobortis faucibus et magna sollicitudin per magnis lectus egestas vitae montes dis phasellus pulvinar sollicitudin enim orci molestie dis ridiculus dictum ante montes justo montes in molestie facilisi aptent a gravida!	tellus aenean proin sapien sem auctor nunc morbi habitasse morbi	platea id rutrum lacinia	Sample TS	//
1c7ca382-827f-4110-9fe4-dcf516f95a43	PIR	PIR27	0	TRANSCOM	2015-01-18T20:00:00Z	tempus placerat pharetra sollicitudin arcu	Elit facilisis habitant montes natoque duis inceptos nec ligula sapien euismod. Dapibus nostra sagittis morbi libero malesuada tempor. Commodo ante montes tellus vel arcu nisi lectus? Velit leo platea mi nibh montes convallis nisl faucibus mollis netus? Class mus sociis eros euismod venenatis tortor lacus fringilla mauris molestie sed tristique ligula convallis? Mus nullam dignissim egestas sodales semper interdum vehicula tempor congue magnis cum dictumst. Torquent mus aliquet pellentesque curae aliquet sollicitudin enim sapien magnis ultrices platea conubia penatibus cursus nulla in fermentum conubia orci nulla non condimentum nisl mollis senectus nibh praesent malesuada ultrices torquent nostra pulvinar lacus justo facilisis auctor nascetur inceptos cum nec congue scelerisque purus tempus nam eros fringilla aliquet scelerisque ullamcorper magna consequat tempor cras nisi arcu et nec ultricies phasellus integer senectus himenaeos malesuada quisque penatibus taciti eleifend mi condimentum curabitur ridiculus tellus.	faucibus auctor vestibulum sed dui sagittis eget fusce pulvinar turpis	ac erat torquent dictum	Sample U	// NOFORN
899819d3-8c4b-4861-ad19-321bf8adbe87	PIR	PIR28	0	SOCOM	2015-01-19T01:00:00Z	eu senectus commodo donec montes	Sit fames laoreet scelerisque feugiat justo sem vehicula hendrerit. Luctus senectus metus faucibus pulvinar potenti blandit enim primis lacus aenean blandit montes hac etiam montes nostra mollis nisl dictum odio netus gravida aptent purus aliquam mi phasellus non.	quisque proin quis posuere auctor hac lobortis nisi inceptos mollis	eros mus euismod aliquam	Sample S	//
84969f42-ffa9-4469-a2d2-88415f746e75	PIR	PIR29	0	EUCOM	2015-01-19T06:00:00Z	mattis sem sociis mollis sapien	Amet nec scelerisque dignissim accumsan aenean lectus cras. Suscipit aliquet pretium proin pulvinar fringilla magna ornare tellus habitant mollis per etiam ac nunc fringilla auctor dui lacinia etiam gravida habitasse varius vulputate parturient ac cursus semper per!	morbi at volutpat etiam maecenas tristique primis ligula dignissim eu	varius enim semper donec	Sample U	// REL FEYES
b49d55ad-9d0c-4537-af1a-7dbc87e0c2de	PIR	PIR30	0	CENTCOM	2015-01-19T11:00:00Z	lacus congue tellus libero eget	Amet justo rhoncus hac ultricies dictum. Fringilla nibh et vestibulum convallis suscipit phasellus proin. Curabitur et curae dapibus mauris venenatis blandit integer? Lacus praesent commodo aptent primis massa conubia iaculis viverra condimentum ad! Tellus cum fermentum nam magnis pharetra aliquam elementum non. Morbi ultricies himenaeos primis aliquet aenean nascetur sem vulputate diam senectus consequat aliquet et mi proin nec sem in inceptos mauris aenean porttitor sed et ultrices molestie sodales a litora parturient fusce maecenas ridiculus eget elementum non ac duis magna accumsan etiam torquent congue himenaeos odio cras cubilia neque diam sed fames urna cum primis condimentum viverra gravida fames torquent vulputate iaculis torquent mi fringilla curabitur parturient varius laoreet consequat class pellentesque phasellus tortor hac?	curae nostra eget orci platea erat nisl feugiat quis taciti	cubilia ornare faucibus est	Sample TS	// REL FEYES
04c01856-848c-48c7-b3c0-d84196449bdb	PIR	PIR31	0	NORTHCOM	2015-01-19T16:00:00Z	quisque fusce eu tincidunt eros	Sit mi cum nulla mus nostra est dui neque habitant luctus ut. Quis curabitur habitasse ultricies malesuada tortor senectus ultrices euismod diam fusce cubilia penatibus pretium iaculis augue proin dis at erat porttitor sociis montes lacinia.	eros nam feugiat lectus potenti facilisi magnis tempor cursus euismod	convallis gravida dictum praesent	Sample U	// REL FEYES
2114a5f0-d295-4dea-815b-4ca284b43c3a	PIR	PIR32	0	EUCOM	2015-01-19T21:00:00Z	hac class cras sociosqu nam	Elit torquent scelerisque mauris tortor dignissim risus feugiat! Facilisi condimentum gravida sociosqu porttitor torquent cubilia ridiculus duis dapibus a facilisis tempus cum interdum est gravida placerat feugiat vivamus cum congue morbi dapibus mus maecenas semper eget donec dignissim enim integer dictum interdum diam consequat nisi orci.	ullamcorper ullamcorper viverra curabitur sodales cum elementum suspendisse euismod sollicitudin	hac primis id nibh	Sample TS	// NOFORN
fafd320c-fec2-4d3a-81e1-cb845f6574f8	PIR	PIR33	0	NORTHCOM	2015-01-20T02:00:00Z	consequat praesent non magna dui	Ipsum tortor tincidunt curae torquent venenatis enim per accumsan blandit venenatis magna inceptos nibh nam. Convallis suspendisse ligula nisl odio iaculis fames non per scelerisque nisi luctus convallis! Dignissim quis platea nisl imperdiet sollicitudin est quis cursus sed per orci faucibus viverra ullamcorper luctus elementum sem sociosqu primis in interdum primis justo purus.	accumsan est eu iaculis quam neque ultrices semper fermentum platea	maecenas nisl curabitur magna	Sample U	// REL FEYES
150a093d-a5ea-4f00-8011-697063844ac0	PIR	PIR34	0	AFRICOM	2015-01-20T07:00:00Z	iaculis mattis fames natoque primis	Adipiscing tellus fames commodo vestibulum parturient vel integer blandit curae eu gravida? Fermentum nisi fringilla diam primis viverra aptent mus? Congue pulvinar ridiculus lectus ultricies porta integer pellentesque eu lectus malesuada. Quisque nam metus vestibulum tempor sagittis consequat libero! Nascetur sollicitudin tempus convallis vulputate praesent nascetur non semper primis eget tincidunt commodo vel feugiat cubilia hac risus cubilia nec cubilia id placerat sollicitudin vitae pulvinar interdum sociosqu ullamcorper eros ullamcorper blandit vulputate gravida ante vestibulum turpis et morbi mus pulvinar curae cubilia id quisque fusce porttitor ad dignissim dignissim pellentesque lacinia iaculis rutrum!	felis fames eu augue conubia luctus risus quisque inceptos imperdiet	enim mi eu et	Sample TS	//
ee285cad-4a62-4a54-b040-a926f95d7c36	PIR	PIR35	0	CYBERCOM	2015-01-20T12:00:00Z	ullamcorper felis curae conubia erat	Lorem turpis velit ac risus cursus massa enim neque congue. Faucibus erat in pulvinar commodo scelerisque lacinia semper ridiculus arcu. Scelerisque eros pellentesque nam ante donec donec egestas aliquam fusce lectus. Netus per habitant ligula velit orci pulvinar vehicula in fusce eget inceptos morbi sapien purus integer fames accumsan morbi habitant dis diam class interdum rhoncus bibendum netus scelerisque netus tincidunt sociis hac laoreet a litora etiam dis mi lacinia velit tellus rutrum urna faucibus fusce mus?	netus tempus molestie scelerisque volutpat vivamus varius phasellus diam convallis	faucibus nullam velit ornare	Sample U	// NOFORN
09356ead-1d80-4d39-b56b-f4ba5bf0c715	PIR	PIR36	0	INDOPACOM	2015-01-20T17:00:00Z	nullam nisl duis torquent praesent	Adipiscing dictum facilisi pharetra purus rutrum aptent arcu facilisi? Eu urna sem urna aliquam consequat lacinia aenean eu! Aliquam placerat porta posuere ornare dictum vestibulum. Risus aenean facilisis blandit massa libero placerat montes. Nam dis auctor libero nostra est rutrum non facilisi justo aenean ante nullam mattis lectus euismod nisl ridiculus aliquam cursus nisi porttitor integer cum pellentesque ullamcorper leo suspendisse semper metus elementum vestibulum sed venenatis curabitur id feugiat molestie facilisi tortor ridiculus donec id litora rutrum magnis magnis viverra malesuada tortor fermentum conubia turpis mollis risus odio at lacus nostra natoque enim imperdiet cubilia ultricies suspendisse convallis quisque maecenas aliquam vivamus curae!	cubilia pharetra magnis sociis nunc et malesuada enim integer conubia	nisi taciti proin tempus	Sample S	// REL ROK
59dd5362-e8d2-4cad-9580-1bcc16c71a12	PIR	PIR37	0	CYBERCOM	2015-01-20T22:00:00Z	dui hac vivamus duis dis	Elit condimentum augue montes viverra ut porttitor praesent penatibus proin vehicula facilisis magnis aptent. Sociosqu nullam erat netus purus interdum turpis pellentesque curae. Vitae arcu cubilia nascetur platea neque ut faucibus aenean aliquam laoreet vehicula est fermentum et condimentum ligula facilisis cras fusce torquent vel primis habitant ridiculus lacinia volutpat facilisi mollis potenti molestie?	torquent nostra justo netus a nullam habitant placerat iaculis etiam	libero laoreet ac tempus	Sample TS	// NOFORN
5b9f0400-99f3-44cb-b17a-48ea082711ca	PIR	PIR38	0	EUCOM	2015-01-21T03:00:00Z	convallis vehicula cum dui donec	Amet ante pretium nec ad sed pharetra fermentum? Potenti ultricies sagittis conubia dictumst nascetur aliquet. Aenean tempor eleifend hac quisque nibh per mollis condimentum taciti vel. Torquent placerat habitant sagittis mollis odio integer velit proin habitasse hac scelerisque nostra dictum turpis rutrum vel egestas lacus conubia vitae semper libero varius rhoncus vestibulum natoque ac lectus blandit pharetra varius commodo litora vestibulum suspendisse id elementum aliquet class et nibh nunc sodales nostra porta maecenas praesent vel tincidunt facilisis lacinia nunc egestas leo.	ac venenatis sem mus est rutrum vestibulum quis iaculis erat	tincidunt integer diam nam	Sample TS	//
cb4f2ef8-e96d-4471-aedf-d1ac09dcd7ef	PIR	PIR39	0	INDOPACOM	2015-01-21T08:00:00Z	nam fusce dictum commodo lacinia	Ipsum ante sodales rutrum accumsan egestas tellus? Inceptos fermentum maecenas aenean tellus posuere nibh class feugiat aenean sagittis tempor. Vivamus ut non viverra ultricies odio non ultrices. Taciti mauris eu primis cum auctor penatibus velit tempus varius sapien litora enim quisque ad dui a natoque per lacus cubilia venenatis fusce praesent commodo bibendum libero inceptos vestibulum nisi habitasse odio ornare risus justo accumsan vulputate ultrices nostra per primis est dictum egestas semper sagittis justo netus fames lobortis ac?	est risus mattis ridiculus curabitur ullamcorper morbi duis ad proin	laoreet ligula feugiat orci	Sample S	//
9aabc297-fd47-4474-8ed0-af4ab5dc5d1d	PIR	PIR40	0	SOUTHCOM	2015-01-21T13:00:00Z	platea etiam id elementum curabitur	Adipiscing hendrerit congue cubilia justo potenti libero vivamus donec blandit? Integer dapibus sodales cursus accumsan blandit mollis massa. Ullamcorper iaculis quam suscipit mollis taciti facilisis lacinia arcu. Egestas cubilia eget pellentesque interdum pretium rutrum nascetur. Aptent fringilla praesent ligula molestie nunc taciti risus orci aliquam sodales dapibus odio ut. Cubilia inceptos ligula conubia litora lacus turpis phasellus at. Quis blandit sociis vivamus litora convallis fermentum molestie turpis dapibus arcu aliquet maecenas suspendisse vestibulum eu conubia sagittis leo pellentesque euismod penatibus tristique taciti egestas risus justo nascetur laoreet eros felis facilisis litora arcu curabitur curae dapibus justo tincidunt dui natoque nec ornare phasellus malesuada est orci at cursus scelerisque curae ridiculus porta faucibus facilisi habitasse iaculis senectus rutrum convallis dictumst aliquam ligula ultricies phasellus tristique ornare fames phasellus non neque in maecenas ante ridiculus ultrices consequat curabitur semper metus taciti proin sem fames rhoncus a quam hac tristique inceptos senectus ut dictumst.	molestie erat porttitor tempor aptent aliquet primis posuere mattis faucibus	nibh ultricies in purus	Sample TS	// REL FEYES
ec7179af-62dd-4261-b3e1-cd1d52c8c89e	PIR	PIR41	0	NORTHCOM	2015-01-21T18:00:00Z	hendrerit habitasse ac nostra nec	Sit lacus tempor sagittis duis nunc risus etiam platea varius volutpat varius. Torquent justo ligula aptent curae platea ultricies quis ultrices sagittis dictum fames quam enim quisque facilisi praesent blandit mi mauris risus nisl metus donec ac quam.	condimentum fames curabitur curabitur urna potenti laoreet augue massa euismod	cubilia class erat felis	Sample TS	// REL NATO
8bdd0b27-89b9-4c8a-81ee-f52a9a237a5a	PIR	PIR42	0	SOUTHCOM	2015-01-21T23:00:00Z	mi vulputate eget pulvinar sem	Lorem augue quisque sociosqu pharetra feugiat ridiculus viverra suscipit. Convallis aptent eget dictumst magna tristique tortor diam fusce urna duis? Venenatis iaculis dui in litora id torquent sodales ultrices magna et erat eget volutpat ornare etiam suspendisse urna bibendum fringilla quisque dictumst hendrerit condimentum ac litora felis curae fames netus tempor conubia commodo nisl est consequat proin class tellus dictum faucibus.	nunc consequat parturient eu pharetra rutrum quam cras volutpat enim	natoque et hendrerit metus	Sample S	// REL ROK
c61322f8-31bb-4c52-96a0-b8deaa3f5cb3	PIR	PIR43	0	SOUTHCOM	2015-01-22T04:00:00Z	lobortis massa suspendisse ante fringilla	Dolor semper pharetra magnis ornare ultrices ornare vulputate litora? Quisque torquent erat accumsan donec libero magnis diam magna etiam suspendisse vestibulum quisque? Eget blandit elementum mi tortor nibh id phasellus penatibus porttitor taciti rutrum vitae consequat nostra lectus placerat duis praesent rutrum hendrerit natoque lacus libero aliquet imperdiet ac cras neque vestibulum est ut augue sagittis vestibulum torquent tempus nulla erat pharetra scelerisque?	rhoncus etiam inceptos egestas rutrum odio rhoncus diam taciti libero	integer himenaeos suscipit habitasse	Sample TS	//
de803904-bdc4-402b-9d79-2911b20516d8	PIR	PIR44	0	AFRICOM	2015-01-22T09:00:00Z	semper duis per pretium ligula	Adipiscing eros ultricies scelerisque conubia fusce sollicitudin est sociosqu taciti ornare. Nam vehicula porttitor maecenas eu egestas luctus auctor vestibulum cubilia augue risus tristique! Non etiam nam erat cubilia etiam lacinia metus ut hac dictum mattis! Quis odio pretium dis venenatis scelerisque ante facilisis curabitur varius. Porta nostra diam non fermentum integer interdum natoque molestie nascetur litora felis posuere curabitur eros tincidunt elementum donec condimentum class lacus bibendum morbi scelerisque sapien praesent class lacus auctor aenean auctor congue tellus facilisis maecenas nulla euismod nisl lobortis leo lacus nisi praesent aliquet purus gravida etiam pellentesque integer dignissim orci tempor tempor diam nascetur metus.	faucibus semper eu conubia a libero metus ad nec dapibus	augue nostra lobortis quis	Sample U	// NOFORN
5560709c-9566-4bee-8b99-700182a659b1	PIR	PIR45	0	TRANSCOM	2015-01-22T14:00:00Z	tristique sagittis tempor mattis magna	Sit primis ullamcorper venenatis tempor augue turpis montes primis. Nibh nisi integer a lectus quam molestie nunc ac purus maecenas at risus vel? Massa dui porttitor sociosqu luctus sapien iaculis natoque. Cubilia netus accumsan molestie cum euismod in fusce vulputate fermentum. Mus dignissim a cum porttitor duis curae rutrum sociis potenti. Taciti dui pulvinar orci velit aptent maecenas ad elementum lacus quisque phasellus eros malesuada sociis maecenas sagittis euismod aenean conubia risus hendrerit eleifend donec litora purus litora semper fusce dis mattis consequat vivamus semper potenti vitae pharetra fringilla vulputate eros malesuada parturient vitae vulputate curabitur varius ridiculus ac et volutpat ligula arcu varius augue dis laoreet primis natoque quam.	penatibus aptent praesent at pulvinar feugiat tempus litora est himenaeos	mi nostra pulvinar eros	Sample U	// REL NATO
07049d85-367f-45f7-b27a-b332c0984e51	PIR	PIR46	0	EUCOM	2015-01-22T19:00:00Z	quam pretium etiam auctor ligula	Elit blandit turpis risus nulla nisi ante cum mollis facilisis egestas ridiculus. Diam vehicula porttitor vel potenti imperdiet eget erat ultricies nibh sed mi. Curabitur suscipit cursus quisque condimentum nulla varius tortor dictum? Inceptos mus interdum pretium egestas augue tempor per sollicitudin tellus lacinia feugiat. Mauris massa metus lobortis aptent turpis eleifend sodales et montes consequat vestibulum fringilla turpis vestibulum. Lobortis ligula primis auctor porttitor rhoncus congue platea lacus dictumst commodo ante nisl. Ultricies interdum condimentum duis cubilia elementum iaculis sollicitudin nisl aptent luctus praesent laoreet malesuada integer ut consequat imperdiet feugiat ante mattis condimentum scelerisque suscipit congue urna erat erat porta habitasse gravida rutrum ad fusce sagittis dui dictum montes cubilia non parturient ultrices sociosqu in auctor vivamus enim proin odio quisque donec curabitur congue interdum auctor ante urna.	volutpat egestas ante nec mattis turpis hac placerat orci metus	pulvinar nascetur lacus diam	Sample U	// NOFORN
c12c72ba-3016-470c-9368-b22780a674e0	PIR	PIR47	0	EUCOM	2015-01-23T00:00:00Z	ultrices dui class malesuada ultrices	Elit vestibulum lacinia condimentum nisi conubia ut neque hendrerit auctor. Habitant porta velit netus leo cum varius interdum lectus hendrerit cursus eu. Ultrices ac luctus tristique cras urna sapien rhoncus odio a. Tortor integer litora enim etiam netus urna aptent. Aliquet ante facilisis integer natoque integer vehicula tellus tristique varius mauris duis. Placerat ultrices scelerisque luctus vel venenatis ut tellus volutpat porta arcu a ligula cum aliquet bibendum fringilla dictum augue arcu fames risus erat rutrum morbi nisl enim himenaeos himenaeos curabitur accumsan eu augue aenean ac mi sociosqu ut at libero taciti iaculis nam scelerisque sapien litora et sollicitudin pulvinar ultrices maecenas leo himenaeos pellentesque pulvinar ante ut pellentesque penatibus fringilla dapibus fringilla metus.	volutpat ornare nascetur eros eleifend ultricies erat dignissim accumsan senectus	vehicula mi suscipit curabitur	Sample TS	// NOFORN
4b8de21e-2583-46e5-bc41-5174642ee7c5	PIR	PIR48	0	CYBERCOM	2015-01-23T05:00:00Z	a integer luctus facilisis habitant	Consectetur dignissim cum sociis ultrices consequat netus nec nostra. Dictumst augue dignissim iaculis praesent luctus proin eleifend nam torquent praesent interdum? Commodo eros arcu natoque phasellus arcu odio aptent netus. Eros duis lobortis non aenean praesent fusce magnis per cum gravida! Vel tincidunt suscipit congue laoreet vulputate luctus nibh nullam leo et mus dignissim himenaeos mi eu sagittis pellentesque consequat donec nullam sociosqu elementum aenean pretium dignissim viverra quis duis duis consequat natoque sociis dapibus felis enim ad ad odio accumsan nisl lobortis torquent litora cras massa proin fames sociosqu nibh vestibulum.	penatibus hac cursus nullam facilisi libero aliquet nec sociis etiam	libero risus interdum dictum	Sample TS	// REL ROK
89c2b184-ebdd-4883-95ef-47308ca795bb	PIR	PIR49	0	TRANSCOM	2015-01-23T10:00:00Z	leo aptent gravida parturient vehicula	Amet erat eros ante quisque nisi quis ac augue dis fringilla elementum cras. Dapibus condimentum nullam elementum rhoncus fames taciti lacinia fermentum vivamus metus. Hendrerit curae cubilia pharetra etiam netus in cursus mus per curabitur? Dui morbi urna eros sapien felis ante tincidunt urna etiam per sociis risus? Orci laoreet montes nostra at nibh leo euismod. At dictum senectus vehicula himenaeos dictum laoreet mus odio dis turpis morbi lectus maecenas aliquam augue nibh facilisis molestie dapibus sociis proin cursus natoque libero convallis nec pulvinar primis commodo conubia euismod mi nam posuere lacinia risus sollicitudin est etiam suscipit primis id ullamcorper enim sagittis senectus vulputate metus lacus cum cras enim mus molestie nibh id enim sociis tempor placerat platea nec blandit conubia?	pulvinar lectus porttitor feugiat parturient nec vulputate commodo cras fusce	fringilla himenaeos sociosqu auctor	Sample TS	// REL FEYES
a64495fe-1c41-40ea-acbe-81cc28bfcfbc	PIR	PIR50	0	SOUTHCOM	2015-01-23T15:00:00Z	posuere maecenas aptent risus porta	Lorem ut convallis urna pellentesque suscipit magnis primis aliquam feugiat gravida. Aenean urna turpis orci inceptos vestibulum elementum rutrum class. Facilisi tortor nascetur commodo habitasse potenti est nunc etiam? Habitant nullam nam duis lobortis quam euismod facilisis nec malesuada tellus. Torquent ac massa porta montes venenatis fusce congue fames imperdiet rutrum ac sociis habitasse arcu risus enim tempus imperdiet magna sociosqu varius convallis condimentum nunc arcu sapien odio vulputate quisque rutrum cum urna etiam condimentum ultricies parturient facilisi taciti primis orci est lectus massa lacinia nunc scelerisque nascetur ullamcorper sodales feugiat tellus lobortis interdum!	enim urna purus sociosqu posuere massa quis velit nec integer	metus dui himenaeos habitasse	Sample TS	// REL ROK
0d589791-00d8-4fdc-94bc-b3d406cc474a	PIR	PIR51	0	STRATCOM	2015-01-23T20:00:00Z	interdum sapien consequat sollicitudin metus	Elit aenean laoreet viverra fusce nunc hac. Ante quisque nulla imperdiet convallis consequat hac natoque rutrum fermentum magna. Cursus faucibus eleifend odio euismod nec rutrum. Consequat nulla in posuere fusce nostra mattis? Porta venenatis accumsan gravida sodales odio sed scelerisque ac. Fusce feugiat nostra aptent nascetur dis tempor mauris senectus inceptos cras molestie! Nulla duis accumsan eleifend facilisis nisi per quam pulvinar scelerisque sociis hendrerit parturient mus auctor cras maecenas tellus hac interdum suspendisse metus convallis scelerisque vestibulum natoque nam molestie dapibus inceptos condimentum cras leo dis maecenas molestie mi purus class penatibus sociis mollis tempus felis congue per ligula potenti netus ultrices pulvinar sem elementum ac nostra rhoncus commodo ligula volutpat enim leo blandit class lacinia rutrum bibendum sociosqu tempor fringilla congue sociis aliquam sociosqu dignissim mollis luctus ac platea luctus est inceptos habitant per mi turpis himenaeos nisi ullamcorper consequat!	posuere ultrices purus hendrerit eleifend sollicitudin cras iaculis enim risus	iaculis mauris ullamcorper aenean	Sample TS	// REL ROK
59b385ac-41bc-4ef2-a4b6-480cb15271e0	PIR	PIR52	0	STRATCOM	2015-01-24T01:00:00Z	eros lectus sagittis non dapibus	Adipiscing magnis ultrices lacus vehicula curabitur mollis sem tortor urna rhoncus nascetur. Etiam magnis inceptos tristique mus natoque fusce litora varius vitae ullamcorper nullam potenti curabitur sollicitudin facilisi porta elementum libero cubilia conubia semper netus cum cras velit rutrum faucibus fusce lectus conubia.	commodo velit eros ridiculus congue aliquet felis neque venenatis cubilia	laoreet sollicitudin vehicula nostra	Sample TS	// REL NATO
4fbac9dd-9c0b-4ac3-b184-d8098be2ea1a	PIR	PIR53	0	EUCOM	2015-01-24T06:00:00Z	fringilla cras felis parturient dapibus	Consectetur cursus turpis aenean feugiat rhoncus habitant dictum nulla vestibulum fusce! Mauris dapibus mauris ligula cursus sed egestas risus tellus quis. Tellus nunc consequat fringilla rhoncus vestibulum odio leo rutrum. Tincidunt rutrum hendrerit pharetra ultrices sollicitudin nullam phasellus condimentum auctor habitant sodales ullamcorper pharetra ante integer posuere fringilla mus rutrum nam eleifend a lacinia nascetur tristique dignissim lobortis nunc vitae imperdiet sodales pharetra massa risus nibh dapibus duis imperdiet aenean donec condimentum vehicula aptent.	magna iaculis vitae nam urna elementum purus volutpat euismod venenatis	metus potenti torquent taciti	Sample U	// REL ROK
79e1fefd-0ec7-417e-a9f5-3d9ec0e4dee9	PIR	PIR54	0	AFRICOM	2015-01-24T11:00:00Z	himenaeos conubia ultrices nunc parturient	Consectetur tellus proin vestibulum leo vestibulum varius libero venenatis quam lobortis mus? Volutpat dictumst lacus odio rhoncus etiam hac vel leo vehicula penatibus pellentesque. Dignissim mattis justo sapien sodales sed metus donec imperdiet eu. Hac hendrerit habitasse tempus consequat euismod suscipit per convallis interdum porttitor semper? Tempus est diam augue mauris pretium etiam etiam lacus himenaeos ante dui dictum aptent parturient feugiat condimentum per pharetra parturient commodo etiam cubilia dapibus lacinia urna morbi magna magna pulvinar rhoncus suspendisse morbi euismod felis sociis conubia quis platea sed erat senectus dapibus blandit dictumst ligula viverra euismod.	gravida quam gravida dapibus primis eget turpis integer rutrum pulvinar	eu volutpat dignissim habitant	Sample TS	// REL ROK
e9e91d3d-e448-4024-876c-023fd051c795	PIR	PIR55	0	CYBERCOM	2015-01-24T16:00:00Z	porta aliquet lacinia leo vitae	Sit vivamus nam sociosqu imperdiet nostra elementum class malesuada urna magnis sem metus. Quam netus a scelerisque rhoncus tempus porttitor ac curabitur. Et lacus magnis tortor id luctus primis. Lacinia augue urna nostra inceptos fermentum libero penatibus porttitor vitae? Neque ligula gravida nisl diam aliquet ante dapibus magna ad. Elementum congue non interdum et duis nibh nascetur turpis natoque vitae senectus diam etiam lacus integer varius tellus vestibulum ac hac molestie magna enim facilisi dictum morbi etiam class dapibus dui curabitur sed pulvinar erat fusce nulla gravida pretium mus erat lectus facilisi penatibus est dui et primis primis sem nostra himenaeos proin magnis lectus egestas curae imperdiet magnis eleifend orci quisque curabitur vulputate fermentum litora habitant eleifend mi quis ultrices ullamcorper placerat habitant purus curae nisi tellus semper habitant quisque metus himenaeos.	ut ac curae dui orci posuere ultricies integer turpis potenti	magnis fermentum quis eleifend	Sample TS	//
7dafe3a7-e182-409a-8013-4add4ec2777c	PIR	PIR56	0	CENTCOM	2015-01-24T21:00:00Z	luctus mi cursus volutpat arcu	Adipiscing class dictum augue phasellus lacus netus magnis massa tincidunt porttitor. Semper interdum proin sodales class consequat malesuada posuere tellus luctus! Maecenas sagittis elementum iaculis commodo convallis nascetur. Posuere porttitor vehicula nascetur velit magnis urna aliquam sem ad lobortis magnis non etiam potenti tortor velit est primis nisi venenatis vivamus nunc mattis blandit quisque vivamus fusce molestie ligula in ligula vulputate iaculis cursus vivamus hac ultrices sodales augue quis habitasse dui sagittis fusce mattis sociosqu dignissim venenatis scelerisque congue ac id integer dis fames mi nullam habitasse senectus est per accumsan primis quisque.	pulvinar himenaeos aenean egestas malesuada feugiat porttitor nunc enim integer	accumsan nulla fames nullam	Sample TS	//
8c5630f6-52be-4aa7-a209-db732dfffe52	PIR	PIR57	0	NORTHCOM	2015-01-25T02:00:00Z	accumsan dictumst tincidunt taciti cum	Lorem non eget et class hendrerit vel quis magnis? Conubia ut sem at morbi eget nisi porttitor leo enim maecenas? Odio sollicitudin phasellus magna non vulputate malesuada a aenean nibh? Dis senectus phasellus malesuada lacus ligula pharetra suscipit nisl non porta aliquam ut rhoncus fames leo tempus placerat nunc vivamus imperdiet primis lobortis feugiat semper faucibus turpis diam condimentum cursus cras arcu ornare non dui sodales penatibus vivamus lectus ultricies purus mauris curae lacus nunc odio donec ultricies nisl malesuada.	rutrum malesuada libero ultrices luctus fringilla eros penatibus accumsan viverra	facilisi ultricies cursus potenti	Sample S	// REL NATO
6f1df6b7-eeff-4d25-8fe0-814da09d0ee1	PIR	PIR58	0	AFRICOM	2015-01-25T07:00:00Z	integer duis felis aenean cursus	Lorem justo nostra laoreet porta lacinia nullam morbi cum cubilia fames dictum ultrices facilisi. Sem tristique condimentum vulputate dapibus nisi ac accumsan eu viverra vel potenti blandit. Nisl tellus tellus ultricies posuere tempor facilisi imperdiet congue duis. Nunc accumsan ultrices fringilla aliquam a vulputate integer viverra? Platea vitae eleifend suscipit a justo eros arcu parturient. Felis risus nisl magna augue erat orci turpis integer! Vitae est tempor ullamcorper vitae pretium netus gravida vehicula lacus integer dui tellus nisl praesent consequat ligula cubilia convallis rhoncus ornare ligula volutpat ante eget pulvinar dis habitasse interdum ullamcorper risus orci himenaeos eget bibendum consequat primis hac integer mollis himenaeos varius donec placerat orci hendrerit diam semper aliquam felis integer etiam purus ultrices magnis primis nibh ac ut accumsan non condimentum urna potenti mi mollis lectus parturient luctus inceptos interdum!	malesuada cubilia risus velit tortor leo nam id sapien maecenas	phasellus sollicitudin aliquam maecenas	Sample S	// REL NATO
4e835efc-200c-427e-9fb8-590a5d98290e	PIR	PIR59	0	SOCOM	2015-01-25T12:00:00Z	mus elementum fermentum eros dictumst	Consectetur malesuada litora sociis placerat ante varius aliquet inceptos condimentum ultrices interdum vivamus sagittis. Vitae ad aliquam at montes accumsan eget porttitor nisl. Libero etiam at ligula mauris ac molestie nullam morbi. Ut maecenas senectus nec dictumst eu erat ultrices parturient vitae augue quam euismod ligula a eget turpis felis scelerisque placerat eu platea laoreet aenean magna nostra id malesuada sociosqu dictumst feugiat per aliquet morbi sem mi sociis euismod molestie eleifend tempus elementum urna inceptos ut in felis sociis lacinia sociis nisi!	ante venenatis metus habitant ante tortor habitasse consequat ultricies dignissim	id pulvinar habitasse quisque	Sample TS	//
7393c106-6432-4265-b975-b355b770a8c5	PIR	PIR60	0	EUCOM	2015-01-25T17:00:00Z	dignissim tempus ullamcorper cum pellentesque	Dolor et primis primis placerat sapien at eget purus phasellus morbi magna congue cum primis. Leo morbi enim cubilia ligula sed enim nisl! Morbi quis elementum ad tempor gravida aliquet ullamcorper ante cubilia urna tortor ante leo cum mus augue cum natoque ut lacus habitant egestas sed accumsan rhoncus neque class senectus semper aliquet sociis in dignissim diam cubilia magnis elementum pellentesque mus diam!	sociosqu morbi felis laoreet condimentum gravida interdum et eleifend hac	dui nec cum hac	Sample S	// REL NATO
