"GUID";"Phase";"CCMD";"Date_Time";"Title";"Description";"EEI";"NIPF";"Classification";"Releasability"
"3f036dfd-df6a-4854-9b0a-0dcbb9f92ee5";0.0;"CENTCOM";"2015-01-15 12:00:00.000000";"himenaeos lobortis penatibus elementum primis";"Consectetur lacinia habitasse eu convallis eget viverra habitant aenean porttitor potenti commodo lobortis egestas mauris tempus magna mauris.";"suscipit vel penatibus ultricies justo in etiam lectus fames curae";"hac eu torquent aptent";"Sample S";"// REL FEYES"
"39043b0f-7e10-4555-8bcf-e6ff9c7fc689";0.0;"AFRICOM";"2015-01-15 17:00:00.000000";"platea felis iaculis pulvinar venenatis";"Consectetur aliquet proin cum ridiculus. Nisl volutpat eros dignissim pretium malesuada tellus fusce maecenas justo convallis? Metus dictumst molestie torquent nostra ultricies imperdiet vulputate suspendisse magnis! Per natoque class sociosqu vestibulum ac tellus nisi gravida tortor habitasse. Scelerisque convallis ridiculus maecenas dui donec pulvinar primis aliquam aenean facilisis donec purus justo nostra blandit semper facilisi hendrerit etiam hac hac sollicitudin conubia venenatis nisl est duis dictum elementum nascetur velit tincidunt mollis convallis curabitur nulla cubilia venenatis consequat duis dis facilisi convallis felis mauris iaculis libero ad habitasse.";"dictum viverra proin euismod viverra vulputate curabitur quam urna congue";"lobortis integer class diam";"Sample U";"// REL FEYES"
"b07a9311-d5f8-460b-b17f-9961393e7369";0.0;"CYBERCOM";"2015-01-15 22:00:00.000000";"dapibus non fames urna fusce";"Ipsum conubia natoque integer donec felis porttitor quam euismod pharetra accumsan proin. Himenaeos iaculis id tempus vulputate libero turpis vel auctor vitae tincidunt est? Ornare aptent hac suscipit in habitasse urna penatibus placerat nisl. Molestie curabitur etiam litora duis sed fusce elementum viverra odio? Varius ac posuere tellus velit duis aptent parturient taciti posuere nibh? Nullam id penatibus bibendum ornare platea vel nisl eros hendrerit erat magna luctus. Diam cubilia vel molestie nostra lacus luctus tellus felis magna dis quisque imperdiet metus sapien a dapibus montes odio risus interdum tristique viverra ante tristique aliquet est torquent parturient vel volutpat class lectus magnis sem mi consequat luctus aliquam egestas posuere rutrum malesuada pharetra ornare porttitor a tellus maecenas bibendum donec purus cursus penatibus cubilia hendrerit aliquam sed torquent fermentum rutrum hac dictumst tellus vivamus!";"ac interdum viverra aliquet tincidunt dis nisi elementum mauris habitant";"tellus ultricies morbi tempus";"Sample TS";"// REL ROK"
"9b219622-428d-4a8d-9ff1-093135416a93";0.0;"INDOPACOM";"2015-01-16 03:00:00.000000";"ante natoque facilisi aliquam fermentum";"Consectetur dictumst nunc est est curae justo odio convallis arcu. Orci malesuada ut parturient penatibus taciti natoque velit libero. Volutpat velit erat tempor nec convallis eu cum hendrerit. Porta hac tellus vivamus cum himenaeos mus accumsan condimentum magna felis. Mus eu quisque purus natoque quisque dictumst massa suspendisse nam aenean ornare hendrerit in pulvinar natoque lacinia leo duis turpis urna velit duis lectus est cubilia mi eu gravida taciti justo magna at interdum et ligula cum sociosqu mus sagittis libero mattis facilisi placerat sodales turpis pellentesque tempor viverra vestibulum sociis luctus.";"sapien torquent vitae metus velit convallis purus nullam condimentum conubia";"est sed vehicula natoque";"Sample TS";"// REL ROK"
"8f0f1999-e60f-489e-969b-5e0b049c9a40";0.0;"CYBERCOM";"2015-01-16 08:00:00.000000";"tristique potenti id curabitur eleifend";"Elit sodales ante condimentum! Leo est fusce suscipit elementum convallis elementum felis tortor pellentesque nascetur. Libero pulvinar habitasse suscipit integer facilisi iaculis maecenas urna placerat nec praesent risus a? Ultricies ad integer non in pharetra dictum semper ad et eros senectus ultricies curae faucibus pellentesque luctus fames varius tristique tempus cum et quisque pretium vel himenaeos potenti curabitur ad orci fusce facilisis purus quam ullamcorper porta malesuada pellentesque id scelerisque tortor eleifend euismod nostra luctus torquent neque.";"risus cras curae quisque at quam sapien urna felis laoreet";"aliquet dictum hac congue";"Sample TS";"//"
"db132ee5-1a5b-461e-968d-b03b3047af38";0.0;"INDOPACOM";"2015-01-16 13:00:00.000000";"potenti et pretium cubilia viverra";"Lorem litora dui quis aenean est iaculis bibendum nec fermentum id facilisi dictum. Lacus maecenas fermentum dictum tempor neque facilisis viverra maecenas lacus faucibus erat. Diam volutpat proin porta auctor sodales ut ad tellus risus bibendum nec! Mauris mattis id pretium ornare facilisi curabitur pellentesque egestas suscipit augue morbi. Eleifend risus cursus placerat magna pellentesque cursus dignissim aliquet facilisis cras. Condimentum donec euismod congue ante blandit placerat sollicitudin curae est sapien porttitor nascetur faucibus convallis duis inceptos at hac feugiat natoque habitant aptent nam inceptos curae imperdiet est velit mollis curae luctus tempus aptent consequat mi rutrum suscipit rhoncus sociis habitasse aliquam rutrum quisque litora pretium rhoncus neque dictum egestas purus posuere suscipit aliquet litora mauris sodales odio inceptos.";"aptent massa quisque mollis tincidunt lacus vitae neque fames accumsan";"vehicula sollicitudin dictum interdum";"Sample S";"// REL NATO"
"a629812f-a154-406b-863e-6c0c51f34335";0.0;"CENTCOM";"2015-01-16 18:00:00.000000";"facilisis ac ultrices eget pretium";"Sit litora nisl justo varius non laoreet augue dis feugiat? Ac morbi potenti pharetra suspendisse pretium sociis morbi gravida ac condimentum dapibus tortor. Nibh pretium ultricies tempor ridiculus malesuada viverra condimentum eleifend suscipit pharetra. Ut ornare sem turpis odio vivamus massa fusce viverra justo magnis erat cubilia vivamus sollicitudin sagittis pretium etiam molestie sociis eleifend rhoncus porttitor pellentesque facilisis potenti mollis duis imperdiet turpis torquent eros nascetur aptent dignissim cursus commodo sapien feugiat accumsan diam curabitur phasellus in cum id nisi aenean cum id tristique lacus congue lobortis metus.";"aptent semper morbi volutpat ut vestibulum gravida tincidunt gravida justo";"egestas id euismod nascetur";"Sample S";"// REL ROK"
"739c0237-d9c0-4c92-b19b-1352b726c03a";0.0;"CYBERCOM";"2015-01-16 23:00:00.000000";"congue sodales litora vulputate vel";"Elit faucibus tellus auctor fringilla fringilla metus orci fermentum urna malesuada. Cubilia eleifend curabitur lobortis rutrum cubilia augue a rutrum scelerisque. Sodales congue tortor orci cum sagittis dui dignissim elementum primis porta in. Placerat maecenas vehicula montes nascetur eleifend quisque luctus suscipit orci luctus libero quisque cum nulla cum cursus lacus dui commodo vehicula quis sociis ligula justo praesent tellus imperdiet velit himenaeos platea commodo sagittis augue fermentum sociis purus metus luctus varius blandit venenatis duis varius auctor sapien sollicitudin sociis mi nulla lobortis felis ultrices venenatis sagittis sed cursus proin.";"ad cum lacus torquent porttitor egestas volutpat metus lobortis aliquet";"bibendum hac vitae curae";"Sample S";"// NOFORN"
"6d57e019-de49-405a-b761-b35f17bc0223";0.0;"STRATCOM";"2015-01-17 04:00:00.000000";"erat libero proin aptent condimentum";"Dolor tellus iaculis nisi suscipit nostra quis blandit ultrices iaculis? Tempor maecenas euismod mus magnis himenaeos libero eget nam. Fringilla integer tristique turpis in ut porta gravida. Tempor mus et cum etiam cras cras cum est convallis. Ornare conubia velit curae ullamcorper nisi taciti penatibus dictum dignissim fringilla per potenti ornare suspendisse est nullam non lacinia fames justo est ultricies potenti urna platea nullam dui velit platea hac molestie diam lacus purus vel duis montes accumsan mattis cubilia congue eu inceptos litora cum luctus ultricies facilisi pulvinar ad at praesent aliquet cursus sagittis venenatis tristique commodo congue.";"urna torquent commodo eget montes pellentesque parturient scelerisque id fames";"nascetur venenatis nibh at";"Sample U";"// REL ROK"
"01b88bfb-ff2b-40a4-b0c5-5c410658de0c";0.0;"CYBERCOM";"2015-01-17 09:00:00.000000";"commodo mauris nulla aptent primis";"Elit non mattis lacinia tellus fermentum vestibulum facilisi habitasse mollis. Ad ultrices vivamus facilisis purus leo fames ad aliquet suscipit tristique massa mi justo. Cubilia ligula hendrerit class vehicula mauris lacinia dictumst condimentum orci? A suspendisse nam mollis fringilla morbi conubia lacinia hac nunc penatibus! Aliquam enim lacus dignissim viverra proin hac laoreet vel in viverra potenti in laoreet conubia urna placerat faucibus est eget massa congue aliquam diam nullam fermentum eu aliquam condimentum tortor convallis viverra vitae ac cras non morbi quisque fusce egestas penatibus velit vitae faucibus facilisi donec lacus vulputate pulvinar odio luctus faucibus integer tincidunt sociis placerat varius aliquet quam facilisi integer nisl class platea.";"accumsan volutpat arcu inceptos sollicitudin ullamcorper nostra sollicitudin vel dis";"tortor sodales nisl habitasse";"Sample TS";"// REL FEYES"
"dd591fca-77c0-45dc-8a9f-6fc1c17748a4";0.0;"TRANSCOM";"2015-01-17 14:00:00.000000";"ullamcorper etiam cubilia dignissim dis";"Consectetur sollicitudin proin ornare non tempus curabitur mi. Phasellus porttitor faucibus montes dictum id curae non vivamus lacus. Pellentesque ante egestas tristique feugiat non massa est augue id. Faucibus nisl lacinia nisi class lectus aptent pretium mus ullamcorper suspendisse vehicula tellus pellentesque arcu ultricies viverra curae sagittis feugiat dictum neque duis tempor habitasse nisi ut eros sapien vestibulum conubia mattis consequat litora mi elementum eget lectus porttitor habitant libero risus porta placerat risus morbi conubia non tellus.";"orci porta hac risus nisi quisque suspendisse volutpat eleifend fames";"penatibus lobortis quisque hendrerit";"Sample S";"// REL ROK"
"7d0c9aa8-fbd6-47ad-850f-c65b626a3148";0.0;"NORTHCOM";"2015-01-17 19:00:00.000000";"vitae morbi orci blandit placerat";"Amet felis nisi aenean eleifend vel eros! Sollicitudin pellentesque hendrerit nibh tempor lacinia pulvinar integer euismod? Sociis risus tincidunt curabitur lectus ac malesuada mattis arcu. Interdum conubia nisi feugiat iaculis fringilla quam egestas habitasse mus dictumst tempus condimentum viverra venenatis nibh praesent rhoncus nunc pulvinar praesent mauris molestie cubilia netus nascetur a tellus euismod magna tellus class dignissim montes at fermentum ut malesuada gravida maecenas sed est cubilia dui venenatis pharetra vehicula suspendisse phasellus magnis vitae dictumst inceptos mattis nostra eleifend feugiat aptent iaculis felis bibendum mattis porttitor at massa!";"torquent mi sodales molestie suscipit senectus semper ornare himenaeos mollis";"urna phasellus enim rutrum";"Sample TS";"// REL ROK"
"ade07fdd-d97e-41e4-90ab-8d41c5a178f4";0.0;"EUCOM";"2015-01-18 00:00:00.000000";"quisque curae nec lobortis cubilia";"Adipiscing sem suspendisse lobortis commodo venenatis. In lobortis felis eu et nibh per parturient orci est per suscipit morbi luctus tincidunt! Purus dictum ullamcorper magnis dui turpis enim tempor aptent euismod arcu facilisis laoreet. Fusce ut pretium maecenas dui nam cras mattis sem sociis neque fermentum ac tristique bibendum mauris urna tempus feugiat vestibulum praesent viverra sed class eget taciti ornare viverra nostra montes laoreet pharetra egestas nostra porttitor penatibus eros purus erat aenean sed iaculis scelerisque lacus senectus cursus vestibulum ridiculus odio felis nostra sagittis.";"suspendisse scelerisque tristique faucibus eleifend curabitur senectus eleifend morbi est";"tristique ante aenean vulputate";"Sample TS";"// REL NATO"
"4598ee36-9c3f-41e6-9356-9ab32d18f905";0.0;"NORTHCOM";"2015-01-18 05:00:00.000000";"hendrerit sociis sociosqu magnis nibh";"Adipiscing lacinia venenatis dui conubia ullamcorper augue posuere rhoncus curae egestas nibh interdum! Accumsan enim blandit libero cras nisi nullam nec habitant vel ad lobortis pretium condimentum semper a laoreet vestibulum praesent ac facilisis dictum aenean torquent placerat libero risus enim suspendisse?";"ut mattis natoque augue egestas commodo taciti taciti integer nascetur";"molestie nulla mus consequat";"Sample U";"// REL ROK"
"67b92fc7-5306-4afa-b5d8-d120678db648";0.0;"NORTHCOM";"2015-01-18 10:00:00.000000";"rutrum mus pharetra venenatis nisl";"Elit sodales dis scelerisque urna magna proin libero dis. Est parturient integer elementum curae aenean condimentum inceptos mattis mollis ut nulla vitae risus. Magna cras libero magnis nulla eleifend ridiculus imperdiet class felis imperdiet! Metus massa hendrerit libero mi phasellus suspendisse lacinia sem ad! Curae tortor penatibus faucibus leo cubilia ut phasellus auctor? Turpis dis per interdum laoreet aenean curae non lobortis vivamus malesuada diam class viverra pharetra laoreet lobortis sociosqu lacinia class risus senectus aenean hac litora id risus ullamcorper sociis id fusce himenaeos est hac tortor erat convallis netus nunc eu ultricies dictumst congue rhoncus pretium curae faucibus auctor montes et cursus dis ut augue pellentesque semper ullamcorper lacinia bibendum potenti imperdiet tristique tempus commodo curabitur curae conubia pretium est dignissim sagittis a.";"leo dapibus torquent urna tincidunt cursus turpis nostra mattis ut";"scelerisque cubilia primis dis";"Sample TS";"//"
"98e2da32-1090-4a82-9761-8045dbd444d8";0.0;"SOCOM";"2015-01-18 15:00:00.000000";"aptent ac sagittis at vel";"Dolor sem class feugiat tortor varius tristique nostra tempor pretium arcu ridiculus tortor. Massa tristique mus nec magna non justo dictumst nibh tincidunt malesuada consequat. At semper quisque ac tempor vivamus aliquam inceptos in ac rutrum tortor curae litora. Sem mattis duis arcu felis quis consequat nascetur phasellus litora suscipit litora etiam fringilla faucibus et himenaeos nisl per curae penatibus lacus quisque conubia lacinia sollicitudin mattis nec ligula himenaeos iaculis dis cubilia vulputate facilisis mi erat felis dignissim consequat curae.";"et aenean duis duis aliquet porta conubia euismod dignissim dictum";"platea eleifend justo senectus";"Sample TS";"// REL NATO"
"f56ef394-e441-447b-a29e-c209bbc00a9f";0.0;"SOCOM";"2015-01-18 20:00:00.000000";"tristique gravida litora odio fames";"Dolor mattis fringilla phasellus urna rhoncus nunc ut parturient a mauris. Lacinia porta habitant et sed id metus posuere nibh! Orci vehicula penatibus faucibus in tristique parturient sapien malesuada dapibus justo turpis! Mus diam rutrum parturient et turpis. Ultricies donec eleifend massa lacinia facilisis ridiculus conubia nulla nascetur potenti maecenas a senectus posuere sapien aliquet morbi sem hendrerit ultricies nostra montes imperdiet quis ridiculus vitae massa nascetur tortor habitasse consequat ridiculus non laoreet augue tempor eu pulvinar cras non faucibus lectus torquent pulvinar nam arcu donec natoque ullamcorper?";"aenean tristique condimentum diam aptent integer magnis sociosqu urna molestie";"inceptos vel mollis eros";"Sample U";"// REL ROK"
"580b2c29-5b7a-4891-af22-1bf7cda011ac";0.0;"SOCOM";"2015-01-19 01:00:00.000000";"porta malesuada platea cubilia quis";"Elit viverra tincidunt consequat proin. Varius non at inceptos lectus natoque rhoncus posuere nostra fusce enim lectus? Est class pharetra suscipit nunc gravida eleifend nisi eu. Ultrices blandit taciti diam vel blandit id nulla enim class. Montes magna egestas semper tristique in pulvinar ut cras lacus integer mauris eros? Nisi dictum bibendum faucibus tellus auctor tellus fringilla! Neque ridiculus feugiat aptent lectus dictumst ultrices risus nunc ad cubilia in eros rutrum dictumst dictum turpis litora orci malesuada tellus porta sagittis duis dui ut curae curabitur in placerat laoreet taciti tempus ac sed netus risus condimentum est molestie gravida a libero sollicitudin porttitor hac purus commodo laoreet curae sed ac magna nam semper varius condimentum ante luctus neque consequat ullamcorper proin neque cum interdum proin sociis cum ridiculus neque libero suspendisse imperdiet aliquet consequat odio torquent quis leo sapien semper duis convallis.";"integer scelerisque neque est fusce tellus aenean pulvinar cursus a";"proin mattis arcu id";"Sample TS";"// REL FEYES"
"1d74a67d-b9b1-4547-b999-e45242bfc841";0.0;"CENTCOM";"2015-01-19 06:00:00.000000";"purus netus fusce odio aliquam";"Sit semper arcu egestas molestie luctus ad etiam facilisi fames fames risus magnis! Aenean id dictum habitasse cubilia justo libero lobortis nisi dapibus! Dui ante tempus nec iaculis pretium hac augue sociosqu malesuada sagittis conubia! Viverra rhoncus vehicula ornare auctor magna! Cursus nullam placerat auctor viverra urna quam faucibus donec himenaeos. Quis dictum vehicula cum velit tortor potenti venenatis tellus himenaeos mollis ac. Luctus scelerisque bibendum class et vestibulum hendrerit libero ad fringilla. Vulputate convallis lacus aliquet fermentum facilisi eleifend aliquet sodales sapien curae viverra iaculis facilisis egestas odio fringilla vitae mi velit natoque dapibus ridiculus nunc per sociis penatibus tempus phasellus platea eleifend facilisis vel ante ultricies curabitur fusce habitasse hac aenean enim libero hendrerit per nostra pharetra suscipit per vulputate tortor faucibus facilisi erat tristique mus habitasse ultrices tincidunt sociosqu risus cum sapien tellus interdum mollis cum venenatis porta nisi suscipit lobortis ligula non tempus vulputate massa.";"mus lacus nec venenatis porta hendrerit tempus nullam porttitor per";"auctor tortor mauris fringilla";"Sample TS";"// REL NATO"
"402411e7-ef90-4549-b826-381fde1ac621";0.0;"TRANSCOM";"2015-01-19 11:00:00.000000";"nam tempus hac pretium porta";"Consectetur sollicitudin hendrerit feugiat curabitur urna massa dis rhoncus. Posuere a congue enim convallis enim proin fames odio! Cubilia lectus etiam tristique lobortis in mi sagittis sapien! Gravida vehicula eu netus viverra sem facilisis enim potenti ac orci. Purus tempus leo habitant hendrerit ante lobortis massa etiam aliquam commodo fermentum pharetra pulvinar magnis cubilia eros nec venenatis fermentum dis tortor primis congue integer mattis facilisi ultrices mauris non commodo mattis dui feugiat torquent penatibus potenti magna sem lobortis vestibulum fermentum facilisi diam curae odio mattis ante mattis pretium donec egestas senectus sodales.";"morbi posuere accumsan feugiat ac vivamus sodales nullam a est";"erat conubia sodales urna";"Sample U";"// REL NATO"
"664a4d71-502f-4af7-8bd9-9a5b31e77c9b";0.0;"EUCOM";"2015-01-19 16:00:00.000000";"urna etiam lobortis dictumst facilisis";"Consectetur magna natoque malesuada commodo egestas ultrices per mollis turpis nullam vehicula! Pharetra litora erat interdum montes vitae volutpat felis cras phasellus sodales tempus potenti et. Litora commodo purus cubilia fringilla massa tellus volutpat habitant sapien! In placerat netus sodales magnis rutrum sociosqu metus sodales imperdiet sociis et cum facilisi imperdiet pellentesque pretium est hendrerit lobortis eget felis neque commodo facilisi iaculis sodales sociis condimentum ultricies taciti convallis auctor mollis pharetra inceptos porta donec conubia nunc parturient eleifend leo duis vitae conubia penatibus fames!";"nostra ornare vulputate justo cras a taciti cum fusce inceptos";"posuere eleifend senectus fringilla";"Sample U";"// NOFORN"
"2a1d2dd3-cf7d-4382-b5e6-435dddcc0a88";0.0;"AFRICOM";"2015-01-19 21:00:00.000000";"sodales ultrices nam commodo congue";"Lorem nullam euismod gravida pretium vestibulum curae lobortis imperdiet lacus dictumst proin? Duis nec nullam consequat quisque erat neque penatibus. Velit mus mi habitasse dis congue ad facilisi. Lobortis hendrerit mollis class leo nisl aptent malesuada tempus lobortis velit libero class dapibus vestibulum vitae torquent eleifend lobortis tempor auctor diam purus rutrum scelerisque ad eleifend molestie curabitur nec feugiat quam pulvinar interdum potenti neque potenti felis dapibus sociosqu dignissim leo turpis nostra leo nunc dictumst aliquet at suspendisse malesuada massa justo risus.";"ridiculus mauris parturient lectus faucibus purus augue consequat sollicitudin aenean";"tellus viverra venenatis nascetur";"Sample TS";"// NOFORN"
"5e53ae53-739e-472a-8157-b3184955597f";0.0;"CYBERCOM";"2015-01-20 02:00:00.000000";"tempor metus ligula facilisis ante";"Dolor in gravida accumsan bibendum litora duis rutrum ac pellentesque tristique habitasse blandit! Odio primis facilisis tristique taciti nascetur phasellus etiam. Nibh duis ante lobortis gravida magnis porta sollicitudin massa suspendisse luctus lobortis auctor primis dui luctus egestas nibh suspendisse dui nec habitasse magnis ut urna erat odio varius litora dignissim eu vel praesent risus non pulvinar euismod senectus dapibus.";"tortor magna facilisis interdum velit rhoncus duis dapibus lectus convallis";"aliquam habitant scelerisque nisi";"Sample U";"//"
"851017f2-b2f0-422d-aa71-e1ace3ad8831";0.0;"CENTCOM";"2015-01-20 07:00:00.000000";"dignissim nulla blandit sed feugiat";"Sit vivamus suscipit rhoncus felis est non curabitur tellus urna sed accumsan tellus mattis mus. Taciti non dictum cursus ac euismod dictumst purus urna sem! Velit eros pellentesque phasellus vel magna etiam euismod ac ut? Consequat facilisi ac nam praesent lacus porta diam posuere leo malesuada dictumst in felis donec viverra duis sodales sociis sed sapien id magnis commodo felis habitant at condimentum torquent est mauris sagittis parturient vel torquent faucibus ullamcorper cubilia aliquam nulla etiam etiam inceptos ante lacus ligula scelerisque semper dui leo cubilia erat?";"tristique malesuada dictum venenatis velit viverra a vulputate nibh proin";"vel arcu hac nostra";"Sample TS";"// REL ROK"
"c3252855-41ce-4c6c-b42a-5f2e8cab555f";0.0;"STRATCOM";"2015-01-20 12:00:00.000000";"sociis nostra magna nam aenean";"Sit congue phasellus condimentum sed platea arcu justo habitasse non varius? Habitant conubia natoque bibendum cubilia sem ac turpis cras porta cubilia torquent felis. Tortor porta suspendisse arcu pretium cubilia eu quam praesent ornare. Habitasse odio vivamus felis tempor suspendisse justo purus metus nam in montes suscipit diam gravida pharetra et sociosqu suspendisse pulvinar ullamcorper nec vehicula pulvinar molestie sed imperdiet curabitur vehicula habitant volutpat metus ante est enim tristique tristique primis blandit class ultrices dui imperdiet tincidunt ullamcorper odio congue cras tempus.";"ut habitasse velit platea interdum velit suspendisse nullam parturient torquent";"sem cras fringilla dictumst";"Sample U";"//"
"26968f4c-b8cf-4b28-8b74-f3751d2cb723";0.0;"STRATCOM";"2015-01-20 17:00:00.000000";"maecenas commodo sociis sem at";"Amet mattis eros ornare natoque bibendum ullamcorper ridiculus imperdiet. Dis mollis laoreet turpis class sem tortor malesuada odio feugiat nunc iaculis potenti elementum. Nisl pharetra blandit porttitor ad bibendum inceptos a purus orci primis odio orci elementum. Ligula platea ullamcorper eros enim mi nec quam elementum maecenas dictumst fermentum ornare nulla pharetra purus nam viverra ut erat ac diam blandit justo vivamus tellus fermentum pretium velit dictumst lacinia orci aenean nisl dictum magnis ultricies suspendisse vel penatibus cras condimentum congue vestibulum odio augue porttitor?";"justo curae tempus facilisi fermentum habitant placerat sem lectus tincidunt";"velit senectus cubilia hendrerit";"Sample TS";"// REL NATO"
"1108ee7a-77bd-4786-93bb-55a5fba69554";0.0;"EUCOM";"2015-01-20 22:00:00.000000";"mattis integer malesuada dui iaculis";"Adipiscing arcu dignissim ante massa tincidunt porta libero. Aliquam congue fames egestas mattis dui quis id interdum tristique quis eu. Posuere magnis dignissim enim mauris non sem ultricies! Ac pretium malesuada congue convallis risus curabitur posuere nascetur. Tempus eros orci nunc arcu potenti nulla libero sagittis montes laoreet curae purus sodales luctus conubia phasellus elementum arcu natoque elementum primis commodo diam venenatis turpis nisl cum massa neque mi senectus ultrices vulputate aliquet fermentum vel eleifend gravida lobortis magna hendrerit nascetur tempus curabitur cubilia laoreet fringilla curabitur phasellus nullam auctor metus mus convallis.";"molestie vulputate tempor pellentesque orci massa bibendum laoreet sollicitudin etiam";"penatibus accumsan varius dictumst";"Sample S";"// REL ROK"
"82ed1db6-951d-4daf-aa03-a112edbb4fa5";0.0;"NORTHCOM";"2015-01-21 03:00:00.000000";"laoreet a tristique class leo";"Lorem viverra natoque ante ultricies semper? Quam volutpat per primis cum hendrerit tristique malesuada euismod libero inceptos praesent! Morbi penatibus justo nam at vulputate tellus sagittis varius. Torquent sagittis massa nec euismod suspendisse libero praesent ac scelerisque phasellus a himenaeos. Quam vivamus luctus scelerisque nam magna facilisis justo primis non! Senectus tempus faucibus libero libero a luctus vitae auctor egestas magnis sapien mattis dictumst integer arcu eros bibendum mauris primis dictum convallis per tincidunt enim facilisis elementum convallis pellentesque aenean laoreet luctus sollicitudin orci condimentum erat urna nisi faucibus primis parturient tortor erat sociis posuere consequat praesent sollicitudin mus phasellus euismod senectus netus ac est purus potenti fringilla sem porta quisque est netus dignissim consequat per pulvinar sem parturient!";"aliquam donec quam nulla per varius purus nisi dictum euismod";"purus praesent facilisi accumsan";"Sample TS";"// REL ROK"
"d6686646-6f77-4d29-a64e-ada38fcc8105";0.0;"AFRICOM";"2015-01-21 08:00:00.000000";"at odio facilisis hac mi";"Sit vel lacinia magna bibendum donec? Litora penatibus ornare habitant scelerisque sollicitudin mus phasellus tincidunt? Enim velit quis massa ornare diam mus ut quam tortor. Tempus dignissim diam mus sodales quam condimentum urna cursus pretium velit! Ligula conubia odio curabitur duis felis dictum nullam arcu natoque venenatis. Id posuere montes odio semper non litora habitasse pulvinar lectus lectus odio pulvinar risus netus ligula ut justo proin pellentesque mauris ad nunc mus morbi eleifend nisl fringilla non risus sem ad pulvinar vitae cum pulvinar feugiat arcu ut vestibulum diam mauris ut non duis non suspendisse elementum vitae magnis facilisi bibendum sagittis ultrices suscipit volutpat interdum libero interdum orci vulputate class nam cum sociis auctor lobortis vitae sagittis aptent litora.";"tortor hendrerit litora rutrum porttitor leo duis tincidunt cum euismod";"sodales mollis eleifend cras";"Sample S";"// REL FEYES"
"fb581117-e2f6-492b-8aaf-3845a4a525a4";0.0;"TRANSCOM";"2015-01-21 13:00:00.000000";"nisl nisi molestie et mus";"Amet dis pellentesque cubilia sagittis phasellus eu morbi eleifend. Curae montes cum mattis duis ut fermentum phasellus viverra litora pharetra. Curae arcu vestibulum curabitur himenaeos fames morbi magnis condimentum luctus laoreet nec varius penatibus nisi cursus cubilia dis risus sem commodo dis eu lacinia etiam tempor aptent ultrices suspendisse potenti facilisi in eget dui aliquam ultricies commodo arcu viverra quisque fames quam class!";"curae quisque vivamus orci feugiat et arcu senectus fermentum cursus";"facilisis nec sociis parturient";"Sample TS";"// REL ROK"
"2b80e499-43b7-43ad-8901-7ccbb1d331a2";0.0;"INDOPACOM";"2015-01-21 18:00:00.000000";"eros suspendisse tempus cum in";"Dolor ridiculus egestas purus risus nunc montes montes fringilla justo ullamcorper. Tempus donec morbi imperdiet fringilla vulputate dictum dapibus. Metus netus diam primis risus ut sapien urna ligula at interdum sagittis ultricies blandit per facilisis magnis praesent faucibus aliquam magna magnis gravida congue euismod morbi ligula inceptos congue diam pellentesque id himenaeos orci mauris fusce maecenas mattis mauris maecenas feugiat fusce primis vel ornare penatibus donec magnis id varius in fusce senectus natoque faucibus arcu facilisis non?";"egestas lacus id ut litora nisi quis volutpat imperdiet cubilia";"sociosqu class tincidunt pulvinar";"Sample U";"//"
"e03788c9-8203-484b-bf95-ae789308410c";0.0;"SOCOM";"2015-01-21 23:00:00.000000";"vel cum vestibulum metus tortor";"Ipsum nisl auctor pharetra egestas lacinia eu praesent nostra nec aliquam! Vehicula aenean posuere tellus facilisis aenean risus dictumst ante duis! Elementum cursus sem rhoncus sed congue suspendisse. Justo conubia laoreet dis quam himenaeos risus interdum semper justo erat risus nec erat euismod himenaeos odio dui natoque urna himenaeos bibendum scelerisque placerat justo fames nec vestibulum cras rutrum diam rutrum mus ullamcorper aliquam montes fames porta magnis at turpis aptent luctus est aenean justo convallis cursus tempor est at fames platea aenean dui feugiat congue montes porttitor elementum massa?";"justo volutpat nisl bibendum faucibus proin etiam fringilla nunc ultrices";"tincidunt felis hendrerit nibh";"Sample U";"// REL FEYES"
"bfe6cf8b-d1c8-442f-8249-7426ce2788a1";0.0;"SOUTHCOM";"2015-01-22 04:00:00.000000";"massa arcu platea habitant eros";"Amet sollicitudin malesuada dui donec maecenas cubilia. Nulla class suscipit lacinia viverra massa habitant fusce consequat placerat natoque fringilla neque! Iaculis nullam ultricies pretium etiam dictumst mi dapibus. Auctor iaculis praesent tincidunt ultrices pulvinar hac id ante posuere risus. Velit leo porta metus commodo sodales eget vitae vestibulum primis curae aptent pretium? Cras habitasse fringilla turpis libero per cras. Lobortis consequat commodo aenean auctor fermentum neque suscipit fermentum euismod euismod hac proin lobortis malesuada elementum. Dui urna non class tempor felis nulla placerat diam fusce venenatis nascetur maecenas luctus lobortis ullamcorper aliquam quisque platea proin faucibus primis sollicitudin morbi tristique aenean litora per egestas justo eget tempus velit non potenti per orci integer nisi vestibulum nam pretium netus platea pretium turpis rutrum lacinia purus tempor laoreet venenatis tellus at habitant porta cras aptent dictum sapien leo potenti fames urna mus sodales nibh facilisi magna penatibus at odio convallis nostra pharetra platea per aenean parturient lobortis etiam commodo massa ut?";"integer per tortor facilisis vestibulum penatibus netus ante ridiculus imperdiet";"vulputate curabitur fusce posuere";"Sample U";"//"
"0e1b6509-28d8-4bf1-8de9-f94aec647ce1";0.0;"INDOPACOM";"2015-01-22 09:00:00.000000";"lacus et senectus eget lacinia";"Consectetur phasellus malesuada id vitae integer placerat auctor potenti sapien scelerisque fermentum sodales hendrerit. Neque ornare orci torquent nunc rutrum laoreet viverra vitae quam risus. Proin montes phasellus massa montes curabitur. Torquent pulvinar turpis suspendisse mollis facilisi luctus lacinia pellentesque gravida imperdiet habitant quisque suscipit morbi sociosqu etiam sed mollis habitasse mi interdum imperdiet pharetra cras massa hac nam hendrerit congue varius malesuada commodo natoque nullam eros feugiat magna aliquet duis tellus condimentum congue montes dignissim at vulputate ante eget congue convallis eget fusce.";"in nec vehicula nisi ultrices magnis erat dictum dui facilisis";"sagittis iaculis felis etiam";"Sample TS";"// REL NATO"
"c1a1ca31-d106-4809-9783-830d709ccdc8";0.0;"STRATCOM";"2015-01-22 14:00:00.000000";"penatibus dapibus penatibus purus habitasse";"Adipiscing imperdiet potenti bibendum ridiculus lacus aenean cras potenti lectus? Velit himenaeos arcu per porta feugiat vitae scelerisque? Accumsan quisque scelerisque felis taciti nulla molestie! Ullamcorper lobortis cras senectus nostra sed dui eleifend commodo nunc. Euismod tempor nunc inceptos lectus vulputate vel curabitur integer sollicitudin! Nullam pretium in nascetur convallis at torquent cras pellentesque platea. Proin eget accumsan aptent sodales inceptos ornare hendrerit dignissim erat tortor quisque quisque sapien etiam dictum eu leo pulvinar volutpat quam euismod gravida velit sociis eget lectus erat himenaeos diam nunc odio eros nam a sed sed ridiculus eu est tortor habitant viverra diam dictumst curae suspendisse penatibus duis aliquet integer risus mauris cum ante ac aliquet fringilla nullam vehicula egestas at faucibus accumsan purus lectus penatibus nunc praesent odio tincidunt turpis vehicula mus netus diam rhoncus curae himenaeos himenaeos natoque platea diam integer phasellus proin tincidunt quis at aenean suscipit duis sem nec suspendisse lobortis a venenatis commodo vulputate platea.";"pulvinar nostra velit quam lectus integer tortor cursus scelerisque netus";"eget habitasse per praesent";"Sample S";"// REL FEYES"
"e80be248-86d4-43db-9f17-499f0f4d4a71";0.0;"STRATCOM";"2015-01-22 19:00:00.000000";"enim aliquet sollicitudin quis aenean";"Sit risus et eleifend gravida odio cubilia a nascetur laoreet condimentum. Rutrum porttitor nec dui donec quisque vel est. Quis curabitur magna nisi sociis sapien neque. Proin vitae aptent eu purus metus proin habitasse vulputate mus vestibulum cras consequat tincidunt class volutpat eros platea sapien integer vestibulum pretium purus egestas turpis dapibus nulla quam ante mus cubilia elementum diam quisque libero sodales dictumst praesent quam mauris inceptos commodo mattis leo vivamus nunc mus molestie vivamus netus justo?";"nibh lectus cras ac ut orci orci semper parturient euismod";"cras laoreet lacinia maecenas";"Sample TS";"// NOFORN"
"73ae6cd5-80d1-4fc3-b153-b4bfddc3a149";0.0;"INDOPACOM";"2015-01-23 00:00:00.000000";"vel at velit consequat tristique";"Elit neque placerat ornare orci tempor posuere vestibulum curae? Enim cubilia netus lacinia urna at pulvinar nulla rutrum? Risus suspendisse hac odio ad vel a mollis pulvinar dignissim a? Eleifend mi viverra tellus nibh nostra orci ligula dignissim eleifend vehicula gravida nec parturient? Pharetra habitant torquent mollis habitasse inceptos? Id mattis accumsan posuere vitae sem mus mauris parturient montes integer sed non orci taciti luctus potenti dui tellus maecenas leo fusce himenaeos habitasse fames vivamus magnis netus conubia nulla suscipit hendrerit nunc mus dictumst nulla feugiat himenaeos tellus accumsan molestie fusce tempus curae ad sapien malesuada sodales vivamus potenti platea tincidunt integer nullam quisque dignissim scelerisque rhoncus vivamus habitant laoreet parturient sed venenatis cum tempus hendrerit per netus cubilia quisque est vestibulum curabitur.";"praesent sollicitudin eu metus metus in leo ac iaculis commodo";"justo eros viverra mauris";"Sample U";"//"
"ee2c4381-015b-418c-b011-186b7db9b3f1";0.0;"SOCOM";"2015-01-23 05:00:00.000000";"vivamus primis natoque lacus et";"Elit bibendum mattis mi pellentesque nulla pellentesque praesent nullam felis sem commodo. Facilisis volutpat praesent integer euismod ultricies scelerisque mattis diam. Donec convallis sed eleifend luctus quam eros ultrices sem erat a facilisis nullam rhoncus faucibus senectus ultrices nulla lobortis felis torquent nostra nostra potenti donec libero primis viverra habitant proin himenaeos tristique ultrices nostra convallis porta sollicitudin risus!";"mauris cum fringilla venenatis mollis orci nec nisi nulla aliquam";"gravida euismod laoreet imperdiet";"Sample TS";"// REL ROK"
"3a1bd8d4-f652-49e0-a294-e47d0a70c2b9";0.0;"SOUTHCOM";"2015-01-23 10:00:00.000000";"fames habitasse primis suscipit dui";"Elit curae suscipit luctus iaculis molestie morbi lectus fringilla nibh scelerisque. Ridiculus facilisis primis mi lacus mollis arcu vehicula enim ullamcorper! Potenti euismod egestas velit porta imperdiet odio montes nostra. Cum class eleifend netus dignissim aptent massa class facilisis per ultrices nunc penatibus habitant eu iaculis viverra eleifend est feugiat euismod eros magnis duis habitasse platea interdum at tempor mattis et sodales condimentum nisi per mollis penatibus leo odio vulputate morbi faucibus class condimentum natoque dapibus etiam lectus aliquam mi tempor blandit.";"integer lobortis faucibus felis urna donec nisl dis elementum mollis";"litora habitasse scelerisque vestibulum";"Sample U";"// REL FEYES"
"fae88aa1-74af-40af-b36b-2e7b7ec2e4f0";0.0;"INDOPACOM";"2015-01-23 15:00:00.000000";"dui turpis velit et quis";"Consectetur nullam penatibus taciti praesent sociis orci. Ligula proin torquent lacus metus quisque laoreet eros morbi felis facilisi mollis. Porttitor blandit elementum eros viverra nisl vehicula nulla nec. Parturient faucibus justo malesuada urna egestas dui enim cum convallis porttitor torquent eu! Torquent tempus faucibus curabitur posuere nunc et nisi rutrum eleifend sagittis nisl justo hac phasellus torquent eget nibh congue accumsan ante tincidunt a duis ad himenaeos iaculis porta placerat malesuada per odio sagittis habitant semper tempor gravida maecenas massa himenaeos cras porttitor eget ornare leo dapibus donec tristique vulputate sapien quam cursus egestas sed semper tellus mi faucibus mi vitae lacus litora eu.";"montes convallis a aptent natoque neque interdum curae turpis faucibus";"per lacus fusce bibendum";"Sample S";"// NOFORN"
"95a2477d-6fc7-4bb6-a7e2-4f9d62344233";0.0;"NORTHCOM";"2015-01-23 20:00:00.000000";"lobortis aliquam felis blandit pretium";"Elit euismod aliquam rhoncus molestie dui nunc pellentesque tempor quam vehicula et. Netus est mauris porttitor etiam odio lobortis taciti. Varius convallis sapien tincidunt purus nullam etiam aenean leo. Urna metus ante himenaeos taciti hendrerit pharetra fames odio eros. Etiam vitae nec sapien molestie vitae aptent luctus sed pellentesque netus quisque laoreet parturient posuere semper et turpis habitant proin varius fermentum in laoreet volutpat nunc velit dis dictumst posuere commodo viverra ridiculus ligula integer habitant fusce porta pharetra dui scelerisque laoreet fermentum sodales eleifend facilisis placerat himenaeos arcu platea habitasse et venenatis auctor sociis euismod ac odio parturient curabitur sapien?";"tempor porttitor taciti per erat suscipit parturient justo tempus posuere";"hac tempor leo duis";"Sample S";"// REL ROK"
"faa8c46b-10c0-4373-acc0-a054bedf3022";0.0;"SOCOM";"2015-01-24 01:00:00.000000";"mus turpis fames a aliquam";"Adipiscing blandit ultrices mus nec class netus tortor class etiam libero nisl. Cubilia lacus erat porta lectus id elementum ut mi hac. Turpis et accumsan aenean nisi augue leo iaculis. Venenatis sollicitudin quisque habitasse massa magnis turpis sapien ad molestie taciti eu lacinia! Sed ut augue nulla lobortis tristique class congue hac ligula phasellus lacinia dictumst maecenas conubia tempus dapibus magnis integer lacinia cum ultricies mollis placerat nibh proin malesuada integer rhoncus eros curae felis taciti pellentesque ligula ridiculus vivamus hac porttitor fermentum ad dapibus orci potenti platea rutrum nostra tempus per in dictum ante nulla non eget cubilia penatibus ridiculus habitasse hac neque purus.";"urna hendrerit condimentum interdum netus class at curabitur ad pretium";"imperdiet nibh taciti himenaeos";"Sample TS";"// REL ROK"
"7844dfd4-b0cb-4f28-aefe-e403fe7e8e44";0.0;"NORTHCOM";"2015-01-24 06:00:00.000000";"et tristique varius torquent etiam";"Adipiscing dis pretium primis id blandit faucibus egestas aliquet cursus lectus. Porta posuere tempor mattis a aptent per ultricies cursus senectus fames. Hac praesent aenean facilisi platea nisl condimentum cubilia sagittis. In montes torquent cursus aptent libero porttitor vel sociosqu purus velit aenean quis urna cras mattis hac cras sodales nullam cursus class natoque facilisi ornare porta ultrices molestie lacinia dui platea cum sagittis ac cursus cubilia nostra fames hendrerit vestibulum tortor platea pharetra iaculis netus porttitor velit enim placerat pretium.";"commodo parturient imperdiet aliquet id aliquam justo imperdiet accumsan potenti";"porta pharetra tempor himenaeos";"Sample U";"//"
"a0374a6d-af47-4b5c-94e1-10149c1cfdcf";0.0;"STRATCOM";"2015-01-24 11:00:00.000000";"et convallis molestie tempor morbi";"Lorem ligula netus conubia facilisi lectus habitasse risus condimentum non. Commodo orci pharetra consequat inceptos vulputate risus a luctus malesuada. Velit fringilla tristique nulla felis diam malesuada fames velit. Sed habitasse lobortis aliquet taciti nibh ullamcorper nostra massa justo leo magnis. Lacus odio nullam enim sodales sagittis orci cursus viverra aliquet litora. Nam ornare auctor sem sagittis nisl porttitor nibh scelerisque enim congue ornare quisque leo nulla pulvinar sagittis facilisis morbi penatibus fames ante senectus torquent lectus diam suspendisse suscipit porttitor nunc mattis et a vivamus ac dapibus senectus suscipit montes himenaeos scelerisque volutpat id odio potenti integer curabitur non mauris tristique venenatis litora sociis orci viverra mattis non congue laoreet morbi orci lacinia vitae congue ridiculus nec nec arcu.";"metus eget egestas facilisis tristique scelerisque imperdiet conubia rhoncus est";"porta proin sodales ridiculus";"Sample U";"// NOFORN"
"5522da24-6cee-4eb9-b07a-69a3bf3ff54b";0.0;"EUCOM";"2015-01-24 16:00:00.000000";"nam commodo malesuada himenaeos platea";"Dolor congue sagittis platea sapien pharetra ridiculus proin ligula viverra erat. Auctor viverra nibh nisi est sollicitudin volutpat turpis? Proin tincidunt parturient vitae fames pretium nisi per aliquam himenaeos urna duis. Sed aliquam vehicula vehicula tempor aliquet facilisi nascetur justo nascetur fermentum euismod massa vestibulum tempus commodo faucibus diam et quis dapibus ligula varius dignissim nec consequat iaculis orci fames lacinia neque eros vulputate eget curae elementum per magna vehicula tempor class congue quis donec gravida aenean inceptos leo vestibulum netus netus rhoncus mollis class est lacinia facilisi mattis ad blandit risus et montes.";"ridiculus consequat vitae viverra nulla vitae feugiat duis egestas eget";"himenaeos integer volutpat etiam";"Sample TS";"// REL NATO"
"fcbb1e81-43a2-4a13-af79-461b738a33f4";0.0;"INDOPACOM";"2015-01-24 21:00:00.000000";"phasellus laoreet sed arcu conubia";"Dolor habitasse duis curabitur nascetur interdum nam lectus fames id ligula. Ridiculus mi parturient aliquam nulla tempus fames congue risus luctus. Sociis conubia nec sagittis habitant aliquam odio sociis. Aenean ridiculus erat euismod mollis ornare justo pulvinar aenean taciti torquent? Eget dis semper lobortis ligula class turpis vel donec augue metus elementum magna nostra netus tincidunt fringilla aenean nec sagittis integer posuere malesuada diam justo dictum integer suspendisse hac fringilla ligula nisl nisl erat fermentum facilisis neque mauris ridiculus lectus laoreet cras sollicitudin platea vivamus quisque?";"quis sociosqu magnis nascetur platea varius porta porttitor pretium suscipit";"at parturient phasellus eleifend";"Sample TS";"// REL FEYES"
"4c0ec455-4340-4a3a-903d-684911c354d2";0.0;"CENTCOM";"2015-01-25 02:00:00.000000";"vivamus enim tellus habitant vitae";"Ipsum commodo tempor torquent eleifend maecenas tristique ridiculus. Elementum accumsan torquent sodales quisque integer ligula nisl faucibus orci fermentum natoque himenaeos dapibus posuere id est mattis facilisis vulputate ligula aenean commodo fusce montes eget tempus leo ante ac class aenean felis rhoncus.";"diam facilisi gravida nascetur arcu lectus etiam magna sem conubia";"dui urna varius fusce";"Sample U";"//"
"93d08645-0c97-4c71-8fa7-0558992c5e3a";0.0;"AFRICOM";"2015-01-25 07:00:00.000000";"porta vehicula natoque montes integer";"Sit pretium vehicula laoreet eget facilisis mauris aenean. Fringilla mauris viverra nascetur fermentum himenaeos pulvinar nascetur nunc magnis! Sed gravida ligula sed libero aliquam ante. Vel magna vehicula sociosqu fermentum ultrices hendrerit semper tristique leo interdum vestibulum netus purus torquent laoreet cras per nulla parturient fusce faucibus orci posuere cum semper pulvinar vivamus venenatis nascetur integer a egestas dapibus proin in suspendisse augue magnis condimentum neque fusce phasellus sociis luctus malesuada inceptos facilisis ut sollicitudin lectus senectus orci nostra ridiculus dui netus iaculis nullam mauris.";"sapien posuere et massa cursus class mauris condimentum maecenas rutrum";"dui auctor sagittis litora";"Sample U";"//"
"14092059-f9da-4925-aa55-07bed716cde0";0.0;"SOUTHCOM";"2015-01-25 12:00:00.000000";"curabitur mauris ridiculus inceptos lectus";"Ipsum potenti commodo aliquam molestie sem sed nibh eleifend? Aliquet feugiat quam ridiculus eros montes nec quam ornare nisl. Fames porta commodo ultrices posuere fermentum potenti vehicula hac est habitasse erat nam. Et viverra nisi aliquet purus luctus commodo ad turpis pellentesque malesuada leo commodo natoque netus posuere quis rhoncus nunc velit blandit conubia ultricies venenatis himenaeos risus ultricies bibendum vivamus hac fringilla semper libero natoque condimentum vulputate mi.";"bibendum tempus quis aptent vulputate sapien cras maecenas feugiat dictum";"cum odio neque semper";"Sample S";"// NOFORN"
"eabec8ee-c8ac-4dfd-bb63-ab78ed5efea0";0.0;"CYBERCOM";"2015-01-25 17:00:00.000000";"semper rhoncus blandit sociosqu suspendisse";"Elit sapien magnis sociosqu ante hendrerit mi pharetra posuere aptent quisque integer? Cubilia fermentum etiam bibendum dis aptent natoque lacus metus mollis curae etiam euismod molestie sagittis etiam aliquet bibendum nascetur potenti ultricies odio nulla sociis purus bibendum.";"facilisi auctor rutrum posuere nisl curabitur egestas massa rhoncus fringilla";"augue massa ut tristique";"Sample U";"// REL NATO"
